Season,Week,Name,Fan_Vote_Mean,Fan_Vote_Std,Judge_Score,Result
19,1,Antonio Sabato Jr.,0.08425725041416925,0.07962878585825725,25.0,Safe
19,1,Jonathan Bennett,0.08259768297125195,0.08649501242835514,30.0,Safe
19,1,Lea Thompson,0.07545472490552006,0.07503626906997769,32.0,Safe
19,1,Janel Parrish,0.08028679818831227,0.08333933196032912,29.0,Safe
19,1,Alfonso Ribeiro,0.07669744526044753,0.07568546806234402,36.0,Safe
19,1,Lolo Jones,0.0068521921716854575,0.007454757952629511,22.0,Eliminated
19,1,Randy Couture,0.08280621746635666,0.08070171566009082,31.0,Safe
19,1,Tommy Chong,0.08212204590363496,0.07745516402196614,27.0,Safe
19,1,Betsey Johnson,0.09998124342258397,0.08192516814751764,20.0,Safe
19,1,Michael Waltrip,0.08843760525620016,0.0837504185969144,25.0,Safe
19,1,Tavis Smiley,0.08197370481882092,0.07853227430188324,29.0,Safe
19,1,Bethany Mota,0.07904772904494035,0.08227041916153767,32.0,Safe
19,1,Sadie Robertson,0.07948536017607578,0.08039466123424382,34.0,Safe
19,1,Antonio Sabato Jr.,0.08303075382888962,0.08605853100282497,25.0,Safe
19,1,Jonathan Bennett,0.082577929081981,0.09453833091286888,30.0,Safe
19,1,Lea Thompson,0.07523198004621107,0.08468498589250228,32.0,Safe
19,1,Janel Parrish,0.08100633323596113,0.09199269929506317,29.0,Safe
19,1,Alfonso Ribeiro,0.07572340215913148,0.08342394089611714,36.0,Safe
19,1,Lolo Jones,0.0025985331684070354,0.00484031118309286,22.0,Eliminated
19,1,Randy Couture,0.08239631679333063,0.08813990614761993,31.0,Safe
19,1,Tommy Chong,0.08253967100854978,0.08559526267619166,27.0,Safe
19,1,Betsey Johnson,0.1081604391830401,0.09174267823926524,20.0,Safe
19,1,Michael Waltrip,0.0880572221437358,0.09252026638972603,25.0,Safe
19,1,Tavis Smiley,0.08140905539630784,0.0865436954763163,29.0,Safe
19,1,Bethany Mota,0.07741452320309516,0.0879443679480159,32.0,Safe
19,1,Sadie Robertson,0.07985384075135923,0.08906553932463775,34.0,Safe
19,1,Antonio Sabato Jr.,0.08230049330375032,0.09306356466609955,25.0,Safe
19,1,Jonathan Bennett,0.08154978469181647,0.09938346989493595,30.0,Safe
19,1,Lea Thompson,0.07388651719968223,0.09147731308030048,32.0,Safe
19,1,Janel Parrish,0.0820092405370407,0.09855382093873724,29.0,Safe
19,1,Alfonso Ribeiro,0.07521003948988658,0.08977875984483491,36.0,Safe
19,1,Lolo Jones,0.0009316851073462669,0.002988109140117968,22.0,Eliminated
19,1,Randy Couture,0.08315766853240908,0.09665999093197737,31.0,Safe
19,1,Tommy Chong,0.08182133055125078,0.09258197934001465,27.0,Safe
19,1,Betsey Johnson,0.11444531405420133,0.09958305067158406,20.0,Safe
19,1,Michael Waltrip,0.08755543082291754,0.09932971785424849,25.0,Safe
19,1,Tavis Smiley,0.08085984685021082,0.09502315578638387,29.0,Safe
19,1,Bethany Mota,0.07680346342791282,0.09538574556595934,32.0,Safe
19,1,Sadie Robertson,0.07946918543157422,0.09542114975474739,34.0,Safe
19,1,Antonio Sabato Jr.,0.082253146471672,0.09847200479463156,25.0,Safe
19,1,Jonathan Bennett,0.08036574898788026,0.10489787279100508,30.0,Safe
19,1,Lea Thompson,0.07203095520870122,0.09480833872177907,32.0,Safe
19,1,Janel Parrish,0.08102571830727136,0.10406744713605207,29.0,Safe
19,1,Alfonso Ribeiro,0.0751042674780005,0.09687026407399507,36.0,Safe
19,1,Lolo Jones,0.0003544335830483593,0.0018460897650062632,22.0,Eliminated
19,1,Randy Couture,0.08180866540917477,0.10153954223574521,31.0,Safe
19,1,Tommy Chong,0.08126700069440436,0.09954285312001991,27.0,Safe
19,1,Betsey Johnson,0.12394981265288516,0.10832269305954392,20.0,Safe
19,1,Michael Waltrip,0.08730864590759702,0.10617575527870504,25.0,Safe
19,1,Tavis Smiley,0.08012212136961651,0.10083797151025875,29.0,Safe
19,1,Bethany Mota,0.07531631454928074,0.10019798351479892,32.0,Safe
19,1,Sadie Robertson,0.07909316938046694,0.10089441170456344,34.0,Safe
19,2,Antonio Sabato Jr.,0.08468508350947421,0.1076697592670961,31.0,Safe
19,2,Jonathan Bennett,0.08217262879753048,0.11068035964777294,30.0,Safe
19,2,Lea Thompson,0.07504847142702463,0.10276951936467059,35.0,Safe
19,2,Janel Parrish,0.0813807509285499,0.11150645949869172,34.0,Safe
19,2,Alfonso Ribeiro,0.07800314654865881,0.10813445872642921,32.0,Safe
19,2,Lolo Jones,0.0077717740143437245,0.026388974589832213,0.0,Safe
19,2,Randy Couture,0.08309121053433358,0.11139703280099436,28.0,Safe
19,2,Tommy Chong,0.08231492982843269,0.10537301549458873,28.0,Safe
19,2,Betsey Johnson,0.10082082453019378,0.11371562042989058,28.0,Safe
19,2,Michael Waltrip,0.08811816592815641,0.1123203384947233,24.0,Safe
19,2,Tavis Smiley,0.0804334158675385,0.1051342046698306,28.0,Eliminated
19,2,Bethany Mota,0.07856462622871067,0.107370060961067,33.0,Safe
19,2,Sadie Robertson,0.07759497185705139,0.10629963304340571,31.0,Safe
19,2,Antonio Sabato Jr.,0.06743603689918237,0.07063907257435091,31.0,Safe
19,2,Jonathan Bennett,0.13015362349204543,0.12514492390478443,30.0,Safe
19,2,Lea Thompson,0.10813929962882364,0.09075439471924912,35.0,Safe
19,2,Janel Parrish,0.08192385630498175,0.09766408793999065,34.0,Safe
19,2,Alfonso Ribeiro,0.06955092224000693,0.1076390354740072,32.0,Safe
19,2,Lolo Jones,0.12860873356139255,0.05478363545221465,0.0,Safe
19,2,Randy Couture,0.04111317316696667,0.06153746774127616,28.0,Safe
19,2,Tommy Chong,0.09065272394363068,0.08576949783939576,28.0,Safe
19,2,Betsey Johnson,0.049519807367913844,0.05735370093000093,28.0,Safe
19,2,Michael Waltrip,0.1328550820336555,0.0822863733687692,24.0,Safe
19,2,Tavis Smiley,0.0003277474950133385,0.0014263748843426575,28.0,Eliminated
19,2,Bethany Mota,0.04472450333619171,0.06345507376580918,33.0,Safe
19,2,Sadie Robertson,0.05499449053019557,0.08764256084607731,31.0,Safe
19,2,Antonio Sabato Jr.,0.05396764251893489,0.06543402054483033,31.0,Safe
19,2,Jonathan Bennett,0.11170820949553348,0.13251306171797145,30.0,Safe
19,2,Lea Thompson,0.12676645386324858,0.10249847891158217,35.0,Safe
19,2,Janel Parrish,0.10037833441566102,0.11372061017320989,34.0,Safe
19,2,Alfonso Ribeiro,0.06263959760181378,0.10690979433529718,32.0,Safe
19,2,Lolo Jones,0.15844927123075295,0.06436620560427958,0.0,Safe
19,2,Randy Couture,0.029891393066569825,0.05089372498820342,28.0,Safe
19,2,Tommy Chong,0.08528469531269986,0.08382138284558378,28.0,Safe
19,2,Betsey Johnson,0.04687790650082262,0.05630423732648773,28.0,Safe
19,2,Michael Waltrip,0.14339437564382634,0.0901248710418031,24.0,Safe
19,2,Tavis Smiley,0.0001039819353952649,0.0006830900312368379,28.0,Eliminated
19,2,Bethany Mota,0.041378835035789686,0.07510352394626113,33.0,Safe
19,2,Sadie Robertson,0.03915930337895166,0.07674580997208277,31.0,Safe
19,2,Antonio Sabato Jr.,0.05269298246431981,0.06556662259741641,31.0,Safe
19,2,Jonathan Bennett,0.08582900632841414,0.12477467160269835,30.0,Safe
19,2,Lea Thompson,0.14028777345463797,0.1039031463817189,35.0,Safe
19,2,Janel Parrish,0.12118603440905705,0.12875096441860598,34.0,Safe
19,2,Alfonso Ribeiro,0.04181092350504753,0.08898893035842069,32.0,Safe
19,2,Lolo Jones,0.17709601596249916,0.07652048896291469,0.0,Safe
19,2,Randy Couture,0.038977466647532946,0.05775478098901564,28.0,Safe
19,2,Tommy Chong,0.07164347046084879,0.08400379041418657,28.0,Safe
19,2,Betsey Johnson,0.0511821180190102,0.06893664234355146,28.0,Safe
19,2,Michael Waltrip,0.14569403058748812,0.09985854558503668,24.0,Safe
19,2,Tavis Smiley,3.0538391317006323e-05,0.00033508965473190926,28.0,Eliminated
19,2,Bethany Mota,0.054953382396140046,0.09156138317097189,33.0,Safe
19,2,Sadie Robertson,0.018616257373685653,0.05659252551506957,31.0,Safe
19,3,Antonio Sabato Jr.,0.05204929897436287,0.07187667710181982,29.0,Safe
19,3,Jonathan Bennett,0.08576874194166227,0.1293053929150859,32.0,Safe
19,3,Lea Thompson,0.13979293920777502,0.11355771682303663,31.0,Safe
19,3,Janel Parrish,0.1207284379822816,0.1355998491255167,40.0,Safe
19,3,Alfonso Ribeiro,0.04195523654534207,0.09277831642528946,32.0,Safe
19,3,Lolo Jones,0.17844239323332767,0.09378814081885772,0.0,Safe
19,3,Randy Couture,0.03873489692412258,0.06427964593974295,26.0,Eliminated
19,3,Tommy Chong,0.07203722049921076,0.09091110612408679,34.0,Safe
19,3,Betsey Johnson,0.05091271489131248,0.0750444993980007,29.0,Safe
19,3,Michael Waltrip,0.14564327932143617,0.11057334647735687,28.0,Safe
19,3,Tavis Smiley,2.2932887009061074e-05,0.0005806250529834242,0.0,Safe
19,3,Bethany Mota,0.05512677179714944,0.0974227726663104,40.0,Safe
19,3,Sadie Robertson,0.018785135795007398,0.05924334352600883,32.0,Safe
19,3,Antonio Sabato Jr.,0.051769940806875046,0.07746354448247618,29.0,Safe
19,3,Jonathan Bennett,0.08616559585120812,0.1344073298795796,32.0,Safe
19,3,Lea Thompson,0.14005207557181382,0.12284293346903646,31.0,Safe
19,3,Janel Parrish,0.1213487593712507,0.14180316080660943,40.0,Safe
19,3,Alfonso Ribeiro,0.04202767746480477,0.09635568766861019,32.0,Safe
19,3,Lolo Jones,0.1760678161955468,0.10627738784509325,0.0,Safe
19,3,Randy Couture,0.03877823614512977,0.06952573383386348,26.0,Eliminated
19,3,Tommy Chong,0.07179779653647544,0.09684300695346619,34.0,Safe
19,3,Betsey Johnson,0.051343526486463606,0.0805393478245157,29.0,Safe
19,3,Michael Waltrip,0.1463912405692244,0.12003293804632562,28.0,Safe
19,3,Tavis Smiley,1.4521156025617184e-05,0.0005093807142425579,0.0,Safe
19,3,Bethany Mota,0.0554911429882172,0.10244392959089113,40.0,Safe
19,3,Sadie Robertson,0.018751670856963738,0.062327285968280535,32.0,Safe
19,3,Antonio Sabato Jr.,0.051863843717324144,0.08259736432709099,29.0,Safe
19,3,Jonathan Bennett,0.08655841101458492,0.13971694773978946,32.0,Safe
19,3,Lea Thompson,0.1406641996796957,0.13137054547064597,31.0,Safe
19,3,Janel Parrish,0.12088142836880297,0.14791723084693842,40.0,Safe
19,3,Alfonso Ribeiro,0.04187396404587082,0.09976766361204094,32.0,Safe
19,3,Lolo Jones,0.17589293821049343,0.11845684562764751,0.0,Safe
19,3,Randy Couture,0.03918920123139336,0.07487774086618655,26.0,Eliminated
19,3,Tommy Chong,0.07102437538770076,0.10223212883834698,34.0,Safe
19,3,Betsey Johnson,0.05124747996955746,0.08518340209532886,29.0,Safe
19,3,Michael Waltrip,0.1472127623764603,0.12894671301356458,28.0,Safe
19,3,Tavis Smiley,1.2188767190870097e-05,0.0006401901896708044,0.0,Safe
19,3,Bethany Mota,0.0549722102411603,0.10534154433959125,40.0,Safe
19,3,Sadie Robertson,0.018606996989765822,0.06449825816459528,32.0,Safe
19,3,Antonio Sabato Jr.,0.05191470731710811,0.08773017681134267,29.0,Safe
19,3,Jonathan Bennett,0.08669254325683867,0.14387156048954602,32.0,Safe
19,3,Lea Thompson,0.1411573379744616,0.13965498246061864,31.0,Safe
19,3,Janel Parrish,0.12064176978252622,0.15378441378426522,40.0,Safe
19,3,Alfonso Ribeiro,0.04201870157591611,0.10310467373449937,32.0,Safe
19,3,Lolo Jones,0.17755000588020317,0.12966929258397608,0.0,Safe
19,3,Randy Couture,0.038757818883262865,0.07785249338152714,26.0,Eliminated
19,3,Tommy Chong,0.07121656559990446,0.10714789101650433,34.0,Safe
19,3,Betsey Johnson,0.05118669513134873,0.0904532951344548,29.0,Safe
19,3,Michael Waltrip,0.14547577322729033,0.13539194160568005,28.0,Safe
19,3,Tavis Smiley,6.387389335662341e-06,0.0003787050825420633,0.0,Safe
19,3,Bethany Mota,0.05454198337146484,0.10762595760266694,40.0,Safe
19,3,Sadie Robertson,0.018839710610339254,0.06662251756528167,32.0,Safe
19,4,Antonio Sabato Jr.,0.05221597256547884,0.09350460827368197,29.0,Safe
19,4,Jonathan Bennett,0.08615836886471567,0.1476418495434265,24.0,Safe
19,4,Lea Thompson,0.14006816927567978,0.14565688312408004,39.0,Safe
19,4,Janel Parrish,0.12182048159727123,0.15980793728804515,36.0,Safe
19,4,Alfonso Ribeiro,0.04251128338672794,0.10701520935988744,40.0,Safe
19,4,Lolo Jones,0.1771018017088671,0.13841177974254246,0.0,Safe
19,4,Randy Couture,0.038269129679726926,0.08062581995337835,0.0,Safe
19,4,Tommy Chong,0.07100841616080798,0.11208615089092884,28.0,Safe
19,4,Betsey Johnson,0.05166133758352481,0.09503468712595922,29.0,Eliminated
19,4,Michael Waltrip,0.14535944760633693,0.1424068023876346,25.0,Safe
19,4,Tavis Smiley,1.4817692520214348e-06,7.660739791349276e-05,0.0,Safe
19,4,Bethany Mota,0.055023239928426275,0.11246231453111011,33.0,Safe
19,4,Sadie Robertson,0.018800869873183843,0.06836439999460589,37.0,Safe
19,4,Antonio Sabato Jr.,0.05259277583201024,0.09826454585877079,29.0,Safe
19,4,Jonathan Bennett,0.0861135203690628,0.15126981948903565,24.0,Safe
19,4,Lea Thompson,0.13943843870324998,0.1519966526536415,39.0,Safe
19,4,Janel Parrish,0.12221147688490283,0.1650382660531932,36.0,Safe
19,4,Alfonso Ribeiro,0.04239896853870732,0.10936372358467723,40.0,Safe
19,4,Lolo Jones,0.17762298461767678,0.146630393800133,0.0,Safe
19,4,Randy Couture,0.03840180071601875,0.0844853397530813,0.0,Safe
19,4,Tommy Chong,0.07072212001565832,0.1161940532294624,28.0,Safe
19,4,Betsey Johnson,0.05184509403302733,0.09958684954459873,29.0,Eliminated
19,4,Michael Waltrip,0.14544970582296038,0.14969936331015757,25.0,Safe
19,4,Tavis Smiley,1.0963277104748595e-06,7.747140681056796e-05,0.0,Safe
19,4,Bethany Mota,0.05457053334600438,0.11473494691229144,33.0,Safe
19,4,Sadie Robertson,0.018631484793011455,0.07033352528138118,37.0,Safe
19,4,Antonio Sabato Jr.,0.05213630563722485,0.10166703296429537,29.0,Safe
19,4,Jonathan Bennett,0.08515859024476424,0.15223255661864782,24.0,Safe
19,4,Lea Thompson,0.13964591642144103,0.15895289684041708,39.0,Safe
19,4,Janel Parrish,0.12308908388365374,0.17046390971460443,36.0,Safe
19,4,Alfonso Ribeiro,0.041435334085495296,0.11038754199866477,40.0,Safe
19,4,Lolo Jones,0.17829768147946215,0.1549298548085644,0.0,Safe
19,4,Randy Couture,0.03848752557831521,0.08739151811355132,0.0,Safe
19,4,Tommy Chong,0.07039870588855371,0.12012676683212357,28.0,Safe
19,4,Betsey Johnson,0.05146798922652483,0.10335827458541356,29.0,Eliminated
19,4,Michael Waltrip,0.1461369518481618,0.15580441423393038,25.0,Safe
19,4,Tavis Smiley,3.5976030971905818e-06,0.00025436351443659463,0.0,Safe
19,4,Bethany Mota,0.05504709851589747,0.11892090214239498,33.0,Safe
19,4,Sadie Robertson,0.018695219587408527,0.07238684969741539,37.0,Safe
19,4,Antonio Sabato Jr.,0.05148739191684315,0.10506750644681484,29.0,Safe
19,4,Jonathan Bennett,0.08565578881118258,0.1564274352090536,24.0,Safe
19,4,Lea Thompson,0.1400046933246365,0.16544718065916672,39.0,Safe
19,4,Janel Parrish,0.12295644085483526,0.17466678041269781,36.0,Safe
19,4,Alfonso Ribeiro,0.041563046884395806,0.11237779649326578,40.0,Safe
19,4,Lolo Jones,0.1791656551525539,0.1633274492846673,0.0,Safe
19,4,Randy Couture,0.0384652772649559,0.09050591719651159,0.0,Safe
19,4,Tommy Chong,0.07036545750367747,0.12443788700199755,28.0,Safe
19,4,Betsey Johnson,0.05066854555811304,0.10559557759482716,29.0,Eliminated
19,4,Michael Waltrip,0.1466107666109182,0.1629307954955074,25.0,Safe
19,4,Tavis Smiley,1.1739755209782757e-05,0.000830043035074545,0.0,Safe
19,4,Bethany Mota,0.05403966638182297,0.11980427371526495,33.0,Safe
19,4,Sadie Robertson,0.019005529980855623,0.07530665248839609,37.0,Safe
19,5,Antonio Sabato Jr.,0.051392905759685824,0.10804538318281871,28.0,Safe
19,5,Jonathan Bennett,0.08598885512480468,0.16028439916918866,24.0,Safe
19,5,Lea Thompson,0.14085510598509457,0.17179820681063646,34.0,Safe
19,5,Janel Parrish,0.12256193334839037,0.1785585840104302,33.0,Safe
19,5,Alfonso Ribeiro,0.041252671558612515,0.1135557601945092,34.0,Safe
19,5,Lolo Jones,0.17949356207776113,0.17130671809075146,0.0,Safe
19,5,Randy Couture,0.03866106856755139,0.0943609703452104,0.0,Safe
19,5,Tommy Chong,0.07032092969919768,0.12781216783839128,23.0,Safe
19,5,Betsey Johnson,0.05067031740052264,0.10943117578091688,0.0,Safe
19,5,Michael Waltrip,0.1462829015086025,0.1685107257088852,20.0,Safe
19,5,Tavis Smiley,1.603025978971793e-05,0.0011333971834270424,0.0,Safe
19,5,Bethany Mota,0.05370598777272998,0.12253490585487294,32.0,Safe
19,5,Sadie Robertson,0.018797730937256407,0.0762868923913095,36.0,Safe
19,5,Antonio Sabato Jr.,0.051639803477171974,0.1115143874432282,28.0,Safe
19,5,Jonathan Bennett,0.08586330642421892,0.16375683877056854,24.0,Safe
19,5,Lea Thompson,0.14179619541005595,0.17820332343110978,34.0,Safe
19,5,Janel Parrish,0.1224248415449487,0.1824605676360263,33.0,Safe
19,5,Alfonso Ribeiro,0.040913549122181536,0.11535851252513912,34.0,Safe
19,5,Lolo Jones,0.1794594668100877,0.1779688333042142,0.0,Safe
19,5,Randy Couture,0.03815408486821607,0.09575785359504513,0.0,Safe
19,5,Tommy Chong,0.07079716324125389,0.131785922190806,23.0,Safe
19,5,Betsey Johnson,0.05075310764320131,0.11267558270639794,0.0,Safe
19,5,Michael Waltrip,0.14570228464617552,0.17416312005682588,20.0,Safe
19,5,Tavis Smiley,9.629895867970364e-06,0.000680868369984496,0.0,Safe
19,5,Bethany Mota,0.053911979583449864,0.126041350556539,32.0,Safe
19,5,Sadie Robertson,0.018574587333170935,0.07716674114012487,36.0,Safe
19,5,Antonio Sabato Jr.,0.051965789818618165,0.1153757532196783,28.0,Safe
19,5,Jonathan Bennett,0.08527121551891777,0.16599525080882316,24.0,Safe
19,5,Lea Thompson,0.14205703505464973,0.1838822448792898,34.0,Safe
19,5,Janel Parrish,0.12259256160495613,0.1862751296955491,33.0,Safe
19,5,Alfonso Ribeiro,0.04105362442805216,0.11833227442584603,34.0,Safe
19,5,Lolo Jones,0.17826872346606215,0.18422702250967735,0.0,Safe
19,5,Randy Couture,0.037916684051146676,0.09867462874653742,0.0,Safe
19,5,Tommy Chong,0.07135325652215736,0.13643821426963929,23.0,Safe
19,5,Betsey Johnson,0.05034718107228265,0.11465948675394175,0.0,Safe
19,5,Michael Waltrip,0.14638654502435572,0.1799638931622413,20.0,Safe
19,5,Tavis Smiley,3.0980860358377968e-06,0.00021904585659213605,0.0,Safe
19,5,Bethany Mota,0.053943740621553445,0.12952872586818215,32.0,Safe
19,5,Sadie Robertson,0.018840544731211675,0.08013437658804064,36.0,Safe
19,5,Antonio Sabato Jr.,0.05281319563090369,0.11963445707338993,28.0,Safe
19,5,Jonathan Bennett,0.08484242710122569,0.16743428599040056,24.0,Safe
19,5,Lea Thompson,0.14170084479019213,0.1883591489303541,34.0,Safe
19,5,Janel Parrish,0.12243692597122714,0.1909007343116533,33.0,Safe
19,5,Alfonso Ribeiro,0.041814332781222596,0.12228880530030778,34.0,Safe
19,5,Lolo Jones,0.17807382845954497,0.1900186169300138,0.0,Safe
19,5,Randy Couture,0.03799948894962519,0.10152595431549599,0.0,Safe
19,5,Tommy Chong,0.0715199909911877,0.14032474438025985,23.0,Safe
19,5,Betsey Johnson,0.04998735724762065,0.11700004797318399,0.0,Safe
19,5,Michael Waltrip,0.14606658443745077,0.18454378223566195,20.0,Safe
19,5,Tavis Smiley,2.6417639740753942e-06,0.00018678215789055613,0.0,Safe
19,5,Bethany Mota,0.053961623580234645,0.1333107544751356,32.0,Safe
19,5,Sadie Robertson,0.018780758295590207,0.0812687055870901,36.0,Safe
19,6,Antonio Sabato Jr.,0.05319664890568072,0.12240242994264625,28.0,Safe
19,6,Jonathan Bennett,0.08468550858460555,0.16997084549307293,32.0,Eliminated
19,6,Lea Thompson,0.1416668660925687,0.19214017918752332,32.0,Safe
19,6,Janel Parrish,0.12249944464562025,0.19420990312958006,33.0,Safe
19,6,Alfonso Ribeiro,0.042038019979133194,0.12523353646819138,39.0,Safe
19,6,Lolo Jones,0.17761298015810317,0.19495535562822086,0.0,Safe
19,6,Randy Couture,0.037721195655314725,0.10354331062768123,0.0,Safe
19,6,Tommy Chong,0.07209703089260551,0.14374268313138355,28.0,Safe
19,6,Betsey Johnson,0.05020343551145901,0.12012280920495134,0.0,Safe
19,6,Michael Waltrip,0.14551520270809284,0.18801671239946174,30.0,Safe
19,6,Tavis Smiley,7.0102034079748905e-06,0.0004956466646252142,0.0,Safe
19,6,Bethany Mota,0.05402828201644916,0.1352494537326763,36.0,Safe
19,6,Sadie Robertson,0.01872837464696022,0.08234254553651678,35.0,Safe
19,6,Antonio Sabato Jr.,0.052409257944101534,0.1229412362203421,28.0,Safe
19,6,Jonathan Bennett,0.08516220686530723,0.17398530987609812,32.0,Eliminated
19,6,Lea Thompson,0.1421908460811907,0.19678501722730493,32.0,Safe
19,6,Janel Parrish,0.12138596822210228,0.19661343457565242,33.0,Safe
19,6,Alfonso Ribeiro,0.04198727413541364,0.1269736142761626,39.0,Safe
19,6,Lolo Jones,0.17780247608880143,0.20033810689860163,0.0,Safe
19,6,Randy Couture,0.03832205037498381,0.10746608510397637,0.0,Safe
19,6,Tommy Chong,0.07170667056549597,0.1460018181321944,28.0,Safe
19,6,Betsey Johnson,0.05002817598682391,0.12115161373904312,0.0,Safe
19,6,Michael Waltrip,0.14610139434413277,0.19305166139557972,30.0,Safe
19,6,Tavis Smiley,4.392853512286368e-06,0.00031059058701134596,0.0,Safe
19,6,Bethany Mota,0.054412880544510434,0.13775155175102574,36.0,Safe
19,6,Sadie Robertson,0.018486405993623837,0.08277116481330996,35.0,Safe
19,6,Antonio Sabato Jr.,0.05238439213504984,0.12512813974612172,28.0,Safe
19,6,Jonathan Bennett,0.08525261781613991,0.17649816066229088,32.0,Eliminated
19,6,Lea Thompson,0.14253103544932977,0.20118482875940416,32.0,Safe
19,6,Janel Parrish,0.12169178412579064,0.20089546562695879,33.0,Safe
19,6,Alfonso Ribeiro,0.041775211971771135,0.12843452018972007,39.0,Safe
19,6,Lolo Jones,0.17758052934922447,0.20442612628964002,0.0,Safe
19,6,Randy Couture,0.03830250117061756,0.10988117740103019,0.0,Safe
19,6,Tommy Chong,0.0714385707273322,0.14880634257780884,28.0,Safe
19,6,Betsey Johnson,0.04953637028932617,0.12300688183866114,0.0,Safe
19,6,Michael Waltrip,0.14622840776098486,0.19697458864180842,30.0,Safe
19,6,Tavis Smiley,2.0986835834472497e-06,0.0001483844986660339,0.0,Safe
19,6,Bethany Mota,0.054813449941394726,0.14050230912871547,36.0,Safe
19,6,Sadie Robertson,0.01846303057945466,0.08403453432146665,35.0,Safe
19,6,Antonio Sabato Jr.,0.05248653009074881,0.12784542739555455,28.0,Safe
19,6,Jonathan Bennett,0.08529797882241975,0.17916157251764508,32.0,Eliminated
19,6,Lea Thompson,0.14329354645462913,0.20601891179964635,32.0,Safe
19,6,Janel Parrish,0.12190192201293844,0.2044461465760043,33.0,Safe
19,6,Alfonso Ribeiro,0.04195984363668631,0.13038054028150553,39.0,Safe
19,6,Lolo Jones,0.17671920364987723,0.20909757442467697,0.0,Safe
19,6,Randy Couture,0.0383938490813559,0.11176742533661319,0.0,Safe
19,6,Tommy Chong,0.07087325596057115,0.15184517163542205,28.0,Safe
19,6,Betsey Johnson,0.04906926002718991,0.12484485325789775,0.0,Safe
19,6,Michael Waltrip,0.1463411678460348,0.2010613325360516,30.0,Safe
19,6,Tavis Smiley,7.520994336484965e-08,5.3176142553910966e-06,0.0,Safe
19,6,Bethany Mota,0.05508798535645875,0.14310248439145873,36.0,Safe
19,6,Sadie Robertson,0.018575381851146176,0.08581449443797853,35.0,Safe
19,7,Antonio Sabato Jr.,0.052819142712255227,0.1304974067914563,29.5,Eliminated
19,7,Jonathan Bennett,0.08583669101991533,0.18394365453309514,0.0,Safe
19,7,Lea Thompson,0.1426382462482963,0.2094540799177062,35.0,Safe
19,7,Janel Parrish,0.12162261202045455,0.20689103963666977,33.5,Safe
19,7,Alfonso Ribeiro,0.04211316041556616,0.13243973847143847,34.0,Safe
19,7,Lolo Jones,0.17673660635055108,0.2136391468101893,0.0,Safe
19,7,Randy Couture,0.03812677408126023,0.11301464119812009,0.0,Safe
19,7,Tommy Chong,0.07111999892565045,0.15520695452129107,30.0,Safe
19,7,Betsey Johnson,0.04941071178856646,0.12758680998255642,0.0,Safe
19,7,Michael Waltrip,0.1457818729461535,0.20468466953704573,28.0,Safe
19,7,Tavis Smiley,1.0203535233342062e-24,7.214267420597861e-23,0.0,Safe
19,7,Bethany Mota,0.05527066311886139,0.14558474357297363,37.5,Safe
19,7,Sadie Robertson,0.01852352037246928,0.08688498718802568,31.0,Safe
19,7,Antonio Sabato Jr.,0.053207957620109436,0.13360143014442974,29.5,Eliminated
19,7,Jonathan Bennett,0.08665845335120759,0.1874166529100432,0.0,Safe
19,7,Lea Thompson,0.14213481511332637,0.21265852170938276,35.0,Safe
19,7,Janel Parrish,0.12225910230826993,0.21107124630373786,33.5,Safe
19,7,Alfonso Ribeiro,0.04235779893870456,0.13473281690755537,34.0,Safe
19,7,Lolo Jones,0.17569568154761947,0.2171642695356907,0.0,Safe
19,7,Randy Couture,0.037779327843970575,0.11434926901605137,0.0,Safe
19,7,Tommy Chong,0.07035824109941437,0.1560576355775165,30.0,Safe
19,7,Betsey Johnson,0.04972361970297562,0.13035456257846356,0.0,Safe
19,7,Michael Waltrip,0.14597792846210214,0.2098038446175443,28.0,Safe
19,7,Tavis Smiley,4.6112665336054315e-303,0.0,0.0,Safe
19,7,Bethany Mota,0.05530532478438319,0.14703446504052808,37.5,Safe
19,7,Sadie Robertson,0.018541749227916102,0.08862087661410571,31.0,Safe
19,7,Antonio Sabato Jr.,0.05359771957950399,0.13662139663979003,29.5,Eliminated
19,7,Jonathan Bennett,0.08713361965712747,0.19171364234871702,0.0,Safe
19,7,Lea Thompson,0.14214801678592331,0.21582925921883636,35.0,Safe
19,7,Janel Parrish,0.12207954008442931,0.21403562682253585,33.5,Safe
19,7,Alfonso Ribeiro,0.04266101375089057,0.13766230111331565,34.0,Safe
19,7,Lolo Jones,0.17594139472939768,0.22266874498528724,0.0,Safe
19,7,Randy Couture,0.038075717714006786,0.11672319279951891,0.0,Safe
19,7,Tommy Chong,0.06995694668126061,0.15861719661579957,30.0,Safe
19,7,Betsey Johnson,0.04923994697615583,0.13220642969384477,0.0,Safe
19,7,Michael Waltrip,0.14610874661177306,0.21321435625931962,28.0,Safe
19,7,Tavis Smiley,1.951778350561172e-52,1.3799776885829623e-50,0.0,Safe
19,7,Bethany Mota,0.05450845449650642,0.14779639671779848,37.5,Safe
19,7,Sadie Robertson,0.018548882933024452,0.09011256576179356,31.0,Safe
19,7,Antonio Sabato Jr.,0.05375530176791995,0.1393295017400637,29.5,Eliminated
19,7,Jonathan Bennett,0.08708664374549485,0.1940129299103033,0.0,Safe
19,7,Lea Thompson,0.1419281215093346,0.2193832270888761,35.0,Safe
19,7,Janel Parrish,0.1218505415989406,0.21687054124346622,33.5,Safe
19,7,Alfonso Ribeiro,0.04256438718990781,0.13904228214395262,34.0,Safe
19,7,Lolo Jones,0.17618918100292927,0.22685329312290514,0.0,Safe
19,7,Randy Couture,0.038483777597290304,0.12009786892053192,0.0,Safe
19,7,Tommy Chong,0.0699199827041009,0.16056255542143574,30.0,Safe
19,7,Betsey Johnson,0.049192154386579486,0.13447502118103877,0.0,Safe
19,7,Michael Waltrip,0.14626690843563658,0.21699101758181472,28.0,Safe
19,7,Tavis Smiley,3.283501030565461e-94,2.3215536545514414e-92,0.0,Safe
19,7,Bethany Mota,0.05416361490107048,0.14926710965354406,37.5,Safe
19,7,Sadie Robertson,0.018599385160795068,0.09166074971543423,31.0,Safe
19,8,Antonio Sabato Jr.,0.05353730913268135,0.14106257497803984,0.0,Safe
19,8,Jonathan Bennett,0.08711545952416715,0.1962390523748541,0.0,Safe
19,8,Lea Thompson,0.14251472881892133,0.22315908368120152,32.0,Safe
19,8,Janel Parrish,0.12202744614139216,0.21986868755472394,43.0,Safe
19,8,Alfonso Ribeiro,0.04290062538405614,0.1409276570469737,41.0,Safe
19,8,Lolo Jones,0.17589559223178594,0.23077565806190412,0.0,Safe
19,8,Randy Couture,0.03851652944416089,0.12159128562491828,0.0,Safe
19,8,Tommy Chong,0.06979556666969551,0.16270797927215883,29.0,Safe
19,8,Betsey Johnson,0.049551706479469444,0.13768439710508118,0.0,Safe
19,8,Michael Waltrip,0.14593734875321301,0.2192810157753799,25.0,Eliminated
19,8,Tavis Smiley,9.732001553305789e-76,6.880876102019975e-74,0.0,Safe
19,8,Bethany Mota,0.053629464862014725,0.1510623250595396,40.0,Safe
19,8,Sadie Robertson,0.018578222558442433,0.09246908949388306,38.0,Safe
19,8,Antonio Sabato Jr.,0.05328953995643198,0.14143428874970018,0.0,Safe
19,8,Jonathan Bennett,0.08743466928383578,0.19849103725343017,0.0,Safe
19,8,Lea Thompson,0.1428989041316585,0.22611108506977257,32.0,Safe
19,8,Janel Parrish,0.12236730605362364,0.22289873017172498,43.0,Safe
19,8,Alfonso Ribeiro,0.043267261524449964,0.14330349336226467,41.0,Safe
19,8,Lolo Jones,0.175190010331183,0.23349062849498792,0.0,Safe
19,8,Randy Couture,0.03836099150542273,0.1231306177938713,0.0,Safe
19,8,Tommy Chong,0.07018633134214977,0.16491862187391473,29.0,Safe
19,8,Betsey Johnson,0.0494179129466277,0.13952862055824408,0.0,Safe
19,8,Michael Waltrip,0.14525567336874945,0.2218092369438055,25.0,Eliminated
19,8,Tavis Smiley,1.4381424945787544e-159,1.0168189484887355e-157,0.0,Safe
19,8,Bethany Mota,0.05380747058162796,0.15268429068864847,40.0,Safe
19,8,Sadie Robertson,0.018523928974239233,0.09303985561250368,38.0,Safe
19,8,Antonio Sabato Jr.,0.05323841484813639,0.14414817103449984,0.0,Safe
19,8,Jonathan Bennett,0.08806092675561408,0.20096551599342616,0.0,Safe
19,8,Lea Thompson,0.14234754592581136,0.22896209258739464,32.0,Safe
19,8,Janel Parrish,0.12182414120346353,0.22472813967833505,43.0,Safe
19,8,Alfonso Ribeiro,0.043214997722767816,0.1445754491400265,41.0,Safe
19,8,Lolo Jones,0.17579094351676708,0.23777182547247327,0.0,Safe
19,8,Randy Couture,0.037988219153571604,0.12488196291493404,0.0,Safe
19,8,Tommy Chong,0.07037916129297092,0.16763927194079378,29.0,Safe
19,8,Betsey Johnson,0.049668069761112266,0.14263056259508725,0.0,Safe
19,8,Michael Waltrip,0.1451676782181997,0.22518610895823332,25.0,Eliminated
19,8,Tavis Smiley,8.724432726749166e-169,0.0,0.0,Safe
19,8,Bethany Mota,0.05384304117626431,0.15428080550372075,40.0,Safe
19,8,Sadie Robertson,0.018476860425320745,0.09454525915677921,38.0,Safe
19,8,Antonio Sabato Jr.,0.05351067310058288,0.1466520738989496,0.0,Safe
19,8,Jonathan Bennett,0.08787204721891317,0.20297344115875351,0.0,Safe
19,8,Lea Thompson,0.14112518769637628,0.2304030202218814,32.0,Safe
19,8,Janel Parrish,0.12235797393359167,0.22817004503693905,43.0,Safe
19,8,Alfonso Ribeiro,0.042552126835735594,0.14450207472727963,41.0,Safe
19,8,Lolo Jones,0.17531092565027181,0.2417765139627566,0.0,Safe
19,8,Randy Couture,0.037756515642062186,0.1254138457885491,0.0,Safe
19,8,Tommy Chong,0.07165074694775628,0.1717404837023626,29.0,Safe
19,8,Betsey Johnson,0.04994862171628638,0.14513662533297475,0.0,Safe
19,8,Michael Waltrip,0.14572753064627375,0.2288889911454849,25.0,Eliminated
19,8,Tavis Smiley,4.85581810394186e-52,3.4332385341449647e-50,0.0,Safe
19,8,Bethany Mota,0.05386952890725002,0.15651017899207198,40.0,Safe
19,8,Sadie Robertson,0.01831812170490059,0.09450506781785346,38.0,Safe
19,9,Antonio Sabato Jr.,0.05332259099463551,0.14788558201534774,0.0,Safe
19,9,Jonathan Bennett,0.08752034213196196,0.204115330007859,0.0,Safe
19,9,Lea Thompson,0.14099783242932948,0.23395792922866834,35.0,Eliminated
19,9,Janel Parrish,0.12237822057875332,0.23103721793521287,38.5,Safe
19,9,Alfonso Ribeiro,0.04289408385151841,0.1468338404104948,38.5,Safe
19,9,Lolo Jones,0.17613095944923465,0.2464534696893027,0.0,Safe
19,9,Randy Couture,0.03738369427560314,0.12598548790007788,0.0,Safe
19,9,Tommy Chong,0.07152202559674611,0.17354505222241595,28.5,Safe
19,9,Betsey Johnson,0.049660906524398654,0.14637730716457778,0.0,Safe
19,9,Michael Waltrip,0.14612965389177818,0.2323231243383448,0.0,Safe
19,9,Tavis Smiley,9.625517396342903e-16,6.805587962285338e-14,0.0,Safe
19,9,Bethany Mota,0.05370711537129313,0.15749111645063882,37.0,Safe
19,9,Sadie Robertson,0.018352574904746326,0.09530420698750111,36.5,Safe
19,9,Antonio Sabato Jr.,0.05316169464826187,0.14971995754357983,0.0,Safe
19,9,Jonathan Bennett,0.08785282541553861,0.2068514373171461,0.0,Safe
19,9,Lea Thompson,0.14056863030849134,0.23609229411093605,35.0,Eliminated
19,9,Janel Parrish,0.1219890499422668,0.2323648015227043,38.5,Safe
19,9,Alfonso Ribeiro,0.04290625301524463,0.14861363687573997,38.5,Safe
19,9,Lolo Jones,0.17594694754195897,0.24927862010327395,0.0,Safe
19,9,Randy Couture,0.037483499244776564,0.12801545025374717,0.0,Safe
19,9,Tommy Chong,0.07075887811058426,0.1737893773077215,28.5,Safe
19,9,Betsey Johnson,0.05003234078884549,0.14896628563958256,0.0,Safe
19,9,Michael Waltrip,0.14700495822028103,0.23636853619165013,0.0,Safe
19,9,Tavis Smiley,4.047429011655925e-09,2.861678289751556e-07,0.0,Safe
19,9,Bethany Mota,0.05416147371678154,0.15990736982562462,37.0,Safe
19,9,Sadie Robertson,0.01813344499954067,0.09464763538745444,36.5,Safe
19,9,Antonio Sabato Jr.,0.052856644447293176,0.15048691893073096,0.0,Safe
19,9,Jonathan Bennett,0.08762953829109922,0.20811733803238466,0.0,Safe
19,9,Lea Thompson,0.14024371181287484,0.23899205727730147,35.0,Eliminated
19,9,Janel Parrish,0.12209472663752588,0.23517599462390534,38.5,Safe
19,9,Alfonso Ribeiro,0.043167804042678844,0.15011216493593613,38.5,Safe
19,9,Lolo Jones,0.17628841602822332,0.2524446359952208,0.0,Safe
19,9,Randy Couture,0.03749973649316253,0.12978678121957107,0.0,Safe
19,9,Tommy Chong,0.07107313361683788,0.17593542257031122,28.5,Safe
19,9,Betsey Johnson,0.050399969462495274,0.15150352139273912,0.0,Safe
19,9,Michael Waltrip,0.14677233770940482,0.2382257423948585,0.0,Safe
19,9,Tavis Smiley,1.7286906516459903e-133,9.880209371543139e-132,0.0,Safe
19,9,Bethany Mota,0.053895117217809846,0.16034160691903487,37.0,Safe
19,9,Sadie Robertson,0.018078864240593958,0.0950551637507726,36.5,Safe
19,9,Antonio Sabato Jr.,0.05346557258061585,0.1537130280854379,0.0,Safe
19,9,Jonathan Bennett,0.08721847440839672,0.2089679946636261,0.0,Safe
19,9,Lea Thompson,0.140614007476924,0.24189098876809553,35.0,Eliminated
19,9,Janel Parrish,0.12175731500608132,0.23704231662081007,38.5,Safe
19,9,Alfonso Ribeiro,0.04357058663874849,0.1513746437302191,38.5,Safe
19,9,Lolo Jones,0.1754145589038387,0.255134229927715,0.0,Safe
19,9,Randy Couture,0.037276520398241794,0.13145692725975153,0.0,Safe
19,9,Tommy Chong,0.07105192989454663,0.17770315948733298,28.5,Safe
19,9,Betsey Johnson,0.04996960121582184,0.15163878584885787,0.0,Safe
19,9,Michael Waltrip,0.1477038587358076,0.24260279229142506,0.0,Safe
19,9,Tavis Smiley,3.5439220245160345e-50,2.5056806898709116e-48,0.0,Safe
19,9,Bethany Mota,0.05376858099955094,0.16215879959298085,37.0,Safe
19,9,Sadie Robertson,0.018188993741426344,0.09667086303029485,36.5,Safe
19,10,Antonio Sabato Jr.,0.0536925436637822,0.1550563542034448,0.0,Safe
19,10,Jonathan Bennett,0.08747133080068949,0.21075526444192397,0.0,Safe
19,10,Lea Thompson,0.14011076859263383,0.24382605515612188,0.0,Safe
19,10,Janel Parrish,0.12135164317599643,0.23917463928134866,39.0,Safe
19,10,Alfonso Ribeiro,0.043239230856603826,0.15163111469289908,37.5,Safe
19,10,Lolo Jones,0.17554388600908985,0.2579214609759049,0.0,Safe
19,10,Randy Couture,0.03689388528917142,0.1315173752879624,0.0,Safe
19,10,Tommy Chong,0.07075939079163536,0.17884842129063988,31.0,Eliminated
19,10,Betsey Johnson,0.04967157252211024,0.15247015562538183,0.0,Safe
19,10,Michael Waltrip,0.1494063853857797,0.2471839019221159,0.0,Safe
19,10,Tavis Smiley,1.2060337427610286e-06,8.527093541178736e-05,0.0,Safe
19,10,Bethany Mota,0.053552567460192026,0.16335238632231422,38.0,Safe
19,10,Sadie Robertson,0.018305589418573198,0.09805046990559849,37.0,Safe
19,10,Antonio Sabato Jr.,0.05384779854190377,0.15672563507196702,0.0,Safe
19,10,Jonathan Bennett,0.0876352171845943,0.21279871411988308,0.0,Safe
19,10,Lea Thompson,0.1398361564719855,0.2460056499914977,0.0,Safe
19,10,Janel Parrish,0.12108695419946695,0.2406117017784125,39.0,Safe
19,10,Alfonso Ribeiro,0.04332886216892216,0.1526727698594004,37.5,Safe
19,10,Lolo Jones,0.1752454846343662,0.26078893360375044,0.0,Safe
19,10,Randy Couture,0.036488104791023226,0.1321183045712089,0.0,Safe
19,10,Tommy Chong,0.07049415602684696,0.17934092079030192,31.0,Eliminated
19,10,Betsey Johnson,0.05015799733828545,0.15462142285570146,0.0,Safe
19,10,Michael Waltrip,0.14982204179251832,0.24959972856376922,0.0,Safe
19,10,Tavis Smiley,4.62577472554964e-13,3.270589568653071e-11,0.0,Safe
19,10,Bethany Mota,0.05373421716402134,0.16509853758828738,38.0,Safe
19,10,Sadie Robertson,0.018323009685604123,0.0997800386372128,37.0,Safe
19,10,Antonio Sabato Jr.,0.05396812963839804,0.1585721581559004,0.0,Safe
19,10,Jonathan Bennett,0.0871929507990826,0.21367690971578754,0.0,Safe
19,10,Lea Thompson,0.1385427878169984,0.2471314467588411,0.0,Safe
19,10,Janel Parrish,0.12119785137368498,0.2427117543918871,39.0,Safe
19,10,Alfonso Ribeiro,0.04328779142309004,0.15399703300688253,37.5,Safe
19,10,Lolo Jones,0.1756366322828082,0.26336800002774946,0.0,Safe
19,10,Randy Couture,0.036684459190502616,0.13397683262452578,0.0,Safe
19,10,Tommy Chong,0.07085302747611338,0.1817806714792347,31.0,Eliminated
19,10,Betsey Johnson,0.05082828776299675,0.15720781400790954,0.0,Safe
19,10,Michael Waltrip,0.14928317753265588,0.25169616629302416,0.0,Safe
19,10,Tavis Smiley,2.3584084102904143e-50,1.6674798067267e-48,0.0,Safe
19,10,Bethany Mota,0.054364667653090254,0.16736002250834883,38.0,Safe
19,10,Sadie Robertson,0.018160237050579415,0.09980657781943593,37.0,Safe
19,10,Antonio Sabato Jr.,0.05388477775092995,0.15982435927508812,0.0,Safe
19,10,Jonathan Bennett,0.08683207431574756,0.21427433391841075,0.0,Safe
19,10,Lea Thompson,0.13873221624585858,0.2493062408555343,0.0,Safe
19,10,Janel Parrish,0.12148172995016193,0.24430977458686298,39.0,Safe
19,10,Alfonso Ribeiro,0.04350764472485938,0.15574897213195898,37.5,Safe
19,10,Lolo Jones,0.1748462734852162,0.26437142350908555,0.0,Safe
19,10,Randy Couture,0.036721240727289335,0.13569486728716243,0.0,Safe
19,10,Tommy Chong,0.0707792427366066,0.1833066635922608,31.0,Eliminated
19,10,Betsey Johnson,0.05111968329927283,0.15927853810559828,0.0,Safe
19,10,Michael Waltrip,0.14927823252639913,0.25370405075036756,0.0,Safe
19,10,Tavis Smiley,2.3052628029172638e-68,1.6299039455125808e-66,0.0,Safe
19,10,Bethany Mota,0.054572982723151385,0.16928314523082064,38.0,Safe
19,10,Sadie Robertson,0.01824390151450794,0.10102566955540285,37.0,Safe
19,11,Antonio Sabato Jr.,0.05363129245342125,0.16077096298070156,0.0,Safe
19,11,Jonathan Bennett,0.08663393694953836,0.21583549749670938,0.0,Safe
19,11,Lea Thompson,0.13904749077695988,0.25224213987590277,0.0,Safe
19,11,Janel Parrish,0.12134512557089452,0.24683036005456965,38.99980000000001,Safe
19,11,Alfonso Ribeiro,0.04324941189318748,0.15615269011892935,40.0,Safe
19,11,Lolo Jones,0.1753677325854143,0.2679752670730552,0.0,Safe
19,11,Randy Couture,0.036576170100060416,0.1369344141310849,0.0,Safe
19,11,Tommy Chong,0.07122088901273435,0.18633194754028598,0.0,Safe
19,11,Betsey Johnson,0.05143235163045347,0.16189437425442965,0.0,Safe
19,11,Michael Waltrip,0.14897505089792154,0.2559495722587605,0.0,Safe
19,11,Tavis Smiley,1.0108318760542594e-71,7.146945940159032e-70,0.0,Safe
19,11,Bethany Mota,0.05402866950596732,0.1690044917676088,38.0,Eliminated
19,11,Sadie Robertson,0.018491878623447828,0.10354226418647168,39.333200000000005,Safe
19,11,Antonio Sabato Jr.,0.05369590632202831,0.16246675831525836,0.0,Safe
19,11,Jonathan Bennett,0.0873192740777467,0.2185048371275691,0.0,Safe
19,11,Lea Thompson,0.1393967024557914,0.25488874815458157,0.0,Safe
19,11,Janel Parrish,0.12104501957631587,0.24845532772937243,38.99980000000001,Safe
19,11,Alfonso Ribeiro,0.04342707480816101,0.15683711729306016,40.0,Safe
19,11,Lolo Jones,0.17541177803645416,0.27052774719929296,0.0,Safe
19,11,Randy Couture,0.03632317023426008,0.1364673828306281,0.0,Safe
19,11,Tommy Chong,0.07123665055443215,0.1873981946714314,0.0,Safe
19,11,Betsey Johnson,0.05108807689269564,0.1624109721782852,0.0,Safe
19,11,Michael Waltrip,0.14841300771700563,0.25760386298664945,0.0,Safe
19,11,Tavis Smiley,1.0689842706436642e-173,0.0,0.0,Safe
19,11,Bethany Mota,0.05412394741909758,0.17056802107394847,38.0,Eliminated
19,11,Sadie Robertson,0.018519391906011345,0.10487430241017622,39.333200000000005,Safe
19,11,Antonio Sabato Jr.,0.053161403049598044,0.16314468724784648,0.0,Safe
19,11,Jonathan Bennett,0.08728748964541616,0.21993404567675517,0.0,Safe
19,11,Lea Thompson,0.13994579362220017,0.25740555074144067,0.0,Safe
19,11,Janel Parrish,0.1204912668974112,0.24970611255901473,38.99980000000001,Safe
19,11,Alfonso Ribeiro,0.04385527595032599,0.1591882297100262,40.0,Safe
19,11,Lolo Jones,0.1756324496633259,0.27333352747843936,0.0,Safe
19,11,Randy Couture,0.036226662884700535,0.1378399207298452,0.0,Safe
19,11,Tommy Chong,0.07060488311208085,0.18793041986809034,0.0,Safe
19,11,Betsey Johnson,0.05168628917082702,0.16489281201326603,0.0,Safe
19,11,Michael Waltrip,0.14867713233647156,0.26089663542656233,0.0,Safe
19,11,Tavis Smiley,5.401534308460464e-39,3.8190795730711445e-37,0.0,Safe
19,11,Bethany Mota,0.05405573463219469,0.17243894277641952,38.0,Eliminated
19,11,Sadie Robertson,0.01837561903544856,0.10485094256689136,39.333200000000005,Safe
19,11,Antonio Sabato Jr.,0.053453422325581784,0.16513275685735276,0.0,Safe
19,11,Jonathan Bennett,0.08763964755650601,0.22274052493375784,0.0,Safe
19,11,Lea Thompson,0.13975485763200687,0.2596192973985153,0.0,Safe
19,11,Janel Parrish,0.1206650033886133,0.25146199410677544,38.99980000000001,Safe
19,11,Alfonso Ribeiro,0.04422679332558322,0.16069860319898763,40.0,Safe
19,11,Lolo Jones,0.17573153488759727,0.2756605265855683,0.0,Safe
19,11,Randy Couture,0.035841264861424485,0.1374576034404209,0.0,Safe
19,11,Tommy Chong,0.07006213446968149,0.1882815712496592,0.0,Safe
19,11,Betsey Johnson,0.05133795351751087,0.16525607170298012,0.0,Safe
19,11,Michael Waltrip,0.1485121535401776,0.26275467914686934,0.0,Safe
19,11,Tavis Smiley,9.310070348499377e-31,6.582555522441207e-29,0.0,Safe
19,11,Bethany Mota,0.05431624841403031,0.17442119317765492,38.0,Eliminated
19,11,Sadie Robertson,0.018458986081287067,0.10638361819816215,39.333200000000005,Safe
2,1,Tatum O'Neal,0.10212170654541708,0.09948519158103306,23.0,Safe
2,1,Tia Carrere,0.1048579758318857,0.10541233927692255,20.0,Safe
2,1,George Hamilton,0.12432037409056332,0.09989800962916988,18.0,Safe
2,1,Lisa Rinna,0.11362759023278417,0.10588077698806321,19.0,Safe
2,1,Stacy Keibler,0.10035919306250501,0.10030616945852994,22.0,Safe
2,1,Jerry Rice,0.10095871888478224,0.09467445274708942,21.0,Safe
2,1,Giselle Fernandez,0.09686381772913848,0.09613763418304637,23.0,Safe
2,1,Master P,0.13617241029369184,0.09567659325420727,12.0,Safe
2,1,Drew Lachey,0.10377881163515335,0.10065277457856672,24.0,Safe
2,1,Kenny Mayne,0.016939401694078714,0.020226151379105845,13.0,Eliminated
2,1,Tatum O'Neal,0.10160108508839509,0.10706646976953246,23.0,Safe
2,1,Tia Carrere,0.10442167969307307,0.11260023460296927,20.0,Safe
2,1,George Hamilton,0.12472958783490462,0.10869381219662609,18.0,Safe
2,1,Lisa Rinna,0.11560690455407872,0.11295334797930785,19.0,Safe
2,1,Stacy Keibler,0.09917758095554317,0.10607383244305711,22.0,Safe
2,1,Jerry Rice,0.09891942711508873,0.10260822555573902,21.0,Safe
2,1,Giselle Fernandez,0.09699167617741698,0.10552650281236885,23.0,Safe
2,1,Master P,0.14348085155267262,0.10608636876558314,12.0,Safe
2,1,Drew Lachey,0.10583311004810625,0.11183459652782224,24.0,Safe
2,1,Kenny Mayne,0.009238096980720853,0.015628319356975662,13.0,Eliminated
2,1,Tatum O'Neal,0.10168748748472772,0.11427262769161979,23.0,Safe
2,1,Tia Carrere,0.10310980193067132,0.11893332974593564,20.0,Safe
2,1,George Hamilton,0.12496910085109163,0.11543910677312076,18.0,Safe
2,1,Lisa Rinna,0.11697467286819221,0.12281631197243406,19.0,Safe
2,1,Stacy Keibler,0.09896496631495069,0.11306853025541827,22.0,Safe
2,1,Jerry Rice,0.09711251200042269,0.10735530254352721,21.0,Safe
2,1,Giselle Fernandez,0.09577725752034087,0.11227870092398765,23.0,Safe
2,1,Master P,0.1506701996541438,0.11738121903513508,12.0,Safe
2,1,Drew Lachey,0.10538712705277548,0.11862357820834132,24.0,Safe
2,1,Kenny Mayne,0.00534687432268403,0.012830103677350893,13.0,Eliminated
2,1,Tatum O'Neal,0.09955530509363505,0.11820408137282476,23.0,Safe
2,1,Tia Carrere,0.10239729317558673,0.1251106657188941,20.0,Safe
2,1,George Hamilton,0.12589156676602567,0.1253292442692797,18.0,Safe
2,1,Lisa Rinna,0.11657881570528082,0.12986416213146848,19.0,Safe
2,1,Stacy Keibler,0.09747219353106172,0.11839838864736144,22.0,Safe
2,1,Jerry Rice,0.09660164715052749,0.11372473724296758,21.0,Safe
2,1,Giselle Fernandez,0.09638097498739821,0.120100153521436,23.0,Safe
2,1,Master P,0.15948952218365753,0.1270907884357234,12.0,Safe
2,1,Drew Lachey,0.1026147841891584,0.1229818737494408,24.0,Safe
2,1,Kenny Mayne,0.00301789721766914,0.009985733398425602,13.0,Eliminated
2,2,Tatum O'Neal,0.003447103396014506,0.011100409680149349,17.0,Eliminated
2,2,Tia Carrere,0.11172285611215044,0.12834379390844255,22.0,Safe
2,2,George Hamilton,0.1592318729387393,0.1255749272997352,22.0,Safe
2,2,Lisa Rinna,0.12748950656725472,0.13047128977087744,20.0,Safe
2,2,Stacy Keibler,0.09275749345757987,0.10314888778258116,29.0,Safe
2,2,Jerry Rice,0.10516589770083781,0.11937928637515144,23.0,Safe
2,2,Giselle Fernandez,0.07497397338044297,0.11168068323006103,24.0,Safe
2,2,Master P,0.20074640657916076,0.12780888842883917,16.0,Safe
2,2,Drew Lachey,0.08386492993401327,0.09687059867918242,27.0,Safe
2,2,Kenny Mayne,0.040599959933806135,0.039514040221965425,0.0,Safe
2,2,Tatum O'Neal,0.0019321082239437415,0.00842468278568001,17.0,Eliminated
2,2,Tia Carrere,0.1057213885857217,0.13847564561256603,22.0,Safe
2,2,George Hamilton,0.15478869270947967,0.13472806826824335,22.0,Safe
2,2,Lisa Rinna,0.12025529418841231,0.12930270137692484,20.0,Safe
2,2,Stacy Keibler,0.09591796532094718,0.11324554359200271,29.0,Safe
2,2,Jerry Rice,0.10307490719511289,0.12294223309892284,23.0,Safe
2,2,Giselle Fernandez,0.08141653237140573,0.12334727575628328,24.0,Safe
2,2,Master P,0.20143291311888425,0.13491172484697844,16.0,Safe
2,2,Drew Lachey,0.08535158150285309,0.10445930191084137,27.0,Safe
2,2,Kenny Mayne,0.05010861678323937,0.050553797162298846,0.0,Safe
2,2,Tatum O'Neal,0.000946506694437669,0.005626056671470706,17.0,Eliminated
2,2,Tia Carrere,0.10698381087288443,0.14357807960338947,22.0,Safe
2,2,George Hamilton,0.15764284930256003,0.14552239260426972,22.0,Safe
2,2,Lisa Rinna,0.11652715860770707,0.13239798640007813,20.0,Safe
2,2,Stacy Keibler,0.09567538164237917,0.12142781205509028,29.0,Safe
2,2,Jerry Rice,0.09903560307736581,0.12434214285081126,23.0,Safe
2,2,Giselle Fernandez,0.08154745660350671,0.13214035547611244,24.0,Safe
2,2,Master P,0.20416761786660656,0.14684687955673625,16.0,Safe
2,2,Drew Lachey,0.07705750661150944,0.1043998728089015,27.0,Safe
2,2,Kenny Mayne,0.06041610872104313,0.060998411227918256,0.0,Safe
2,2,Tatum O'Neal,0.0005030257563651805,0.0036674010104191627,17.0,Eliminated
2,2,Tia Carrere,0.10088769928329895,0.1446784355542861,22.0,Safe
2,2,George Hamilton,0.1623936036822011,0.15616548637185415,22.0,Safe
2,2,Lisa Rinna,0.11017066638648229,0.13501605435780342,20.0,Safe
2,2,Stacy Keibler,0.09645306516562009,0.12916504666491332,29.0,Safe
2,2,Jerry Rice,0.0946951554728204,0.12369173902689269,23.0,Safe
2,2,Giselle Fernandez,0.08115289904427447,0.13626495749268397,24.0,Safe
2,2,Master P,0.20377956306834613,0.15384523793094665,16.0,Safe
2,2,Drew Lachey,0.07864530194036051,0.1117079467432075,27.0,Safe
2,2,Kenny Mayne,0.07131902020023159,0.06821291496017146,0.0,Safe
2,3,Tatum O'Neal,0.0414137109160808,2.7616797737551353e-15,0.0,Safe
2,3,Tia Carrere,1.3554499859027948e-09,1.2531786280178035e-22,26.0,Safe
2,3,George Hamilton,0.07168822397795088,1.526556658859498e-16,22.0,Safe
2,3,Lisa Rinna,0.0021782919702460525,1.3444106938819745e-17,25.0,Safe
2,3,Stacy Keibler,0.021909378691344236,1.3773704399255679e-15,27.0,Safe
2,3,Jerry Rice,0.010960445819015249,1.297573160030647e-15,19.0,Safe
2,3,Giselle Fernandez,0.0,0.0,22.0,Eliminated
2,3,Master P,0.6507180062672095,2.3647750424514465e-14,14.0,Safe
2,3,Drew Lachey,0.07717092916306634,3.2890357104522105e-15,27.0,Safe
2,3,Kenny Mayne,0.12396101183961424,9.922618282587146e-15,0.0,Safe
2,3,Tatum O'Neal,0.06801548109552856,0.026118574820184218,0.0,Safe
2,3,Tia Carrere,1.1880225733727274e-53,2.5300849429205775e-52,26.0,Safe
2,3,George Hamilton,0.05855089328188644,0.032712171673118115,22.0,Safe
2,3,Lisa Rinna,0.0010973138948040999,0.0034570657731059678,25.0,Safe
2,3,Stacy Keibler,0.009233543824802185,0.010344805812341202,27.0,Safe
2,3,Jerry Rice,0.02160216892676673,0.015020122875180274,19.0,Safe
2,3,Giselle Fernandez,2.7526747960916878e-27,5.391416884146647e-26,22.0,Eliminated
2,3,Master P,0.6512228107530277,0.06517294096110161,14.0,Safe
2,3,Drew Lachey,0.06548281515107862,0.03610073476765622,27.0,Safe
2,3,Kenny Mayne,0.12479497307210512,0.044062634995770844,0.0,Safe
2,3,Tatum O'Neal,0.08645770138685792,0.041423227800056604,0.0,Safe
2,3,Tia Carrere,0.0,0.0,26.0,Safe
2,3,George Hamilton,0.051037792312735114,0.04425556051366539,22.0,Safe
2,3,Lisa Rinna,0.0011128612910968887,0.005081308809931887,25.0,Safe
2,3,Stacy Keibler,0.005707146232902882,0.011538970522710046,27.0,Safe
2,3,Jerry Rice,0.025214112781409875,0.02419813575992506,19.0,Safe
2,3,Giselle Fernandez,0.0,0.0,22.0,Eliminated
2,3,Master P,0.6477331202840555,0.09535224500848447,14.0,Safe
2,3,Drew Lachey,0.05660725310682187,0.048743085794025504,27.0,Safe
2,3,Kenny Mayne,0.12613001260411863,0.06241295267997728,0.0,Safe
2,3,Tatum O'Neal,0.11138727602886467,0.058359455399505884,0.0,Safe
2,3,Tia Carrere,5.965436847188573e-12,1.490165646810687e-10,26.0,Safe
2,3,George Hamilton,0.03560274764049593,0.04422393735017105,22.0,Safe
2,3,Lisa Rinna,0.0016306573763775658,0.0079906222378044,25.0,Safe
2,3,Stacy Keibler,0.006512674449314907,0.014493491857283755,27.0,Safe
2,3,Jerry Rice,0.03456797070398791,0.029776707278781032,19.0,Safe
2,3,Giselle Fernandez,0.0,0.0,22.0,Eliminated
2,3,Master P,0.6461217505557032,0.11619088962842627,14.0,Safe
2,3,Drew Lachey,0.04455754557550378,0.053470456333767145,27.0,Safe
2,3,Kenny Mayne,0.11961937766378387,0.06902820881943597,0.0,Safe
2,4,Tatum O'Neal,0.11231423673735906,0.07312787731909506,0.0,Safe
2,4,Tia Carrere,9.911100076176493e-95,7.007505217231217e-93,25.0,Safe
2,4,George Hamilton,0.03526302205205686,0.0509010844602108,21.0,Safe
2,4,Lisa Rinna,0.0016844287843282009,0.010156006862573778,26.0,Safe
2,4,Stacy Keibler,0.006461017882839878,0.017821506665722017,26.0,Safe
2,4,Jerry Rice,0.034730960608700456,0.0392572726246632,24.0,Safe
2,4,Giselle Fernandez,2.737471662830794e-38,1.9354911979365806e-36,0.0,Safe
2,4,Master P,0.6453851995436578,0.1338943336201178,8.0,Eliminated
2,4,Drew Lachey,0.04433901816405017,0.0605229702577189,28.0,Safe
2,4,Kenny Mayne,0.11982211622700818,0.08314958049944812,0.0,Safe
2,4,Tatum O'Neal,0.11334951683053826,0.08492540249120678,0.0,Safe
2,4,Tia Carrere,1.0433123634778535e-23,7.3765947009714255e-22,25.0,Safe
2,4,George Hamilton,0.03474375148443644,0.05589058747194779,21.0,Safe
2,4,Lisa Rinna,0.001624966255615843,0.011480224939666729,26.0,Safe
2,4,Stacy Keibler,0.006388547134202717,0.020446936341565528,26.0,Safe
2,4,Jerry Rice,0.03466119064299755,0.04677145246136906,24.0,Safe
2,4,Giselle Fernandez,1.4221591881338077e-85,1.0055178389869839e-83,0.0,Safe
2,4,Master P,0.6452331297151314,0.14918634907866762,8.0,Eliminated
2,4,Drew Lachey,0.044464808240648676,0.06657189436793709,28.0,Safe
2,4,Kenny Mayne,0.11953408969642655,0.09461073068197429,0.0,Safe
2,4,Tatum O'Neal,0.11236244875347877,0.09444299597732847,0.0,Safe
2,4,Tia Carrere,1.1130264551922375e-140,7.869498473155113e-139,25.0,Safe
2,4,George Hamilton,0.035595081280774134,0.06263360253566513,21.0,Safe
2,4,Lisa Rinna,0.0018122203228633984,0.014077782132729423,26.0,Safe
2,4,Stacy Keibler,0.006311907675562221,0.022929007077703883,26.0,Safe
2,4,Jerry Rice,0.03425208189847477,0.05203240501225919,24.0,Safe
2,4,Giselle Fernandez,3.270091681880962e-19,2.3120727613967526e-17,0.0,Safe
2,4,Master P,0.6451614700030063,0.1621870514979625,8.0,Eliminated
2,4,Drew Lachey,0.0445347841453565,0.07212869406403162,28.0,Safe
2,4,Kenny Mayne,0.11997000592048392,0.10528278375395715,0.0,Safe
2,4,Tatum O'Neal,0.11277027090704514,0.10360196617677159,0.0,Safe
2,4,Tia Carrere,1.3634126692956115e-95,9.639819313591942e-94,25.0,Safe
2,4,George Hamilton,0.0357064819665545,0.06678270131287249,21.0,Safe
2,4,Lisa Rinna,0.0019386618910068494,0.016468591216733535,26.0,Safe
2,4,Stacy Keibler,0.006076409688667313,0.02401640027125169,26.0,Safe
2,4,Jerry Rice,0.03431010021381071,0.057846533465149945,24.0,Safe
2,4,Giselle Fernandez,1.209454202382588e-20,8.551277424360253e-19,0.0,Safe
2,4,Master P,0.6439620904763532,0.17327125093879275,8.0,Eliminated
2,4,Drew Lachey,0.04491770311322735,0.0767963623406694,28.0,Safe
2,4,Kenny Mayne,0.1203182817433344,0.11417482472339593,0.0,Safe
2,5,Tatum O'Neal,0.08911931817879334,0.0847065662101217,0.0,Safe
2,5,Tia Carrere,0.0,0.0,22.0,Eliminated
2,5,George Hamilton,0.0,0.0,24.0,Safe
2,5,Lisa Rinna,0.0,0.0,25.0,Safe
2,5,Stacy Keibler,0.0,0.0,30.0,Safe
2,5,Jerry Rice,0.14996142486029415,0.04245969758970204,23.0,Safe
2,5,Giselle Fernandez,4.303169547145383e-103,4.3446801822736703e-103,0.0,Safe
2,5,Master P,0.5946886863674354,0.06955399499574096,0.0,Safe
2,5,Drew Lachey,0.07163538018626259,0.04146754722545776,27.0,Safe
2,5,Kenny Mayne,0.09459519040718825,0.014160420850137316,0.0,Safe
2,5,Tatum O'Neal,0.18639763690505098,0.12416208795100384,0.0,Safe
2,5,Tia Carrere,0.0,0.0,22.0,Eliminated
2,5,George Hamilton,0.0,0.0,24.0,Safe
2,5,Lisa Rinna,0.0,0.0,25.0,Safe
2,5,Stacy Keibler,0.0,0.0,30.0,Safe
2,5,Jerry Rice,0.11820211315135483,0.051612702613896985,23.0,Safe
2,5,Giselle Fernandez,2.2238538344532375e-52,3.716981728611982e-52,0.0,Safe
2,5,Master P,0.5514057569272482,0.13350727015877276,0.0,Safe
2,5,Drew Lachey,0.05715990800667742,0.030169076014073218,27.0,Safe
2,5,Kenny Mayne,0.08683458500963925,0.03137837777789336,0.0,Safe
2,5,Tatum O'Neal,0.11779024646073126,0.12071776206262276,0.0,Safe
2,5,Tia Carrere,0.0,0.0,22.0,Eliminated
2,5,George Hamilton,0.0,0.0,24.0,Safe
2,5,Lisa Rinna,0.0,0.0,25.0,Safe
2,5,Stacy Keibler,0.0,0.0,30.0,Safe
2,5,Jerry Rice,0.10642839484298405,0.059788489846064816,23.0,Safe
2,5,Giselle Fernandez,1.8276567450218047e-11,3.0978467472189196e-11,0.0,Safe
2,5,Master P,0.6584323294768486,0.17514437866394372,0.0,Safe
2,5,Drew Lachey,0.058922626923452334,0.05080025209961218,27.0,Safe
2,5,Kenny Mayne,0.058426402277692226,0.0438489364639312,0.0,Safe
2,5,Tatum O'Neal,0.24916240131768513,0.024558065135259,0.0,Safe
2,5,Tia Carrere,0.0,0.0,22.0,Eliminated
2,5,George Hamilton,0.0,0.0,24.0,Safe
2,5,Lisa Rinna,0.0,0.0,25.0,Safe
2,5,Stacy Keibler,0.0,0.0,30.0,Safe
2,5,Jerry Rice,0.04335925849453594,0.016671318160844387,23.0,Safe
2,5,Giselle Fernandez,2.0218077598595502e-39,2.057710299288102e-39,0.0,Safe
2,5,Master P,0.5924151591659793,0.030644746595582736,0.0,Safe
2,5,Drew Lachey,0.09043418832053056,0.006102660832476083,27.0,Safe
2,5,Kenny Mayne,0.024628992701274135,0.016687297532996807,0.0,Safe
2,6,Tatum O'Neal,0.24996600554170398,0.06570173321964184,0.0,Safe
2,6,Tia Carrere,9.854532316031538e-47,6.967509770580648e-45,0.0,Safe
2,6,George Hamilton,1.8469150311915628e-14,1.3058355396861445e-12,23.0,Eliminated
2,6,Lisa Rinna,8.6296875530153e-185,0.0,27.0,Safe
2,6,Stacy Keibler,6.899935195530722e-50,4.878503043013461e-48,30.0,Safe
2,6,Jerry Rice,0.04361128206683849,0.03306457442570746,23.0,Safe
2,6,Giselle Fernandez,1.5340862244009844e-08,1.084654290497315e-06,0.0,Safe
2,6,Master P,0.5918786963049274,0.07508762050657404,0.0,Safe
2,6,Drew Lachey,0.0899544215825221,0.040316470979423376,30.0,Safe
2,6,Kenny Mayne,0.024589579163128806,0.027203120685030478,0.0,Safe
2,6,Tatum O'Neal,0.2512286740958926,0.08954547576769889,0.0,Safe
2,6,Tia Carrere,2.6141405425529388e-207,0.0,0.0,Safe
2,6,George Hamilton,1.01877311453779e-15,7.20309336040122e-14,23.0,Eliminated
2,6,Lisa Rinna,5.721046866101842e-51,4.044986475174169e-49,27.0,Safe
2,6,Stacy Keibler,1.6038480600096337e-104,1.1339784243707593e-102,30.0,Safe
2,6,Jerry Rice,0.04406700927140771,0.0441795239844887,23.0,Safe
2,6,Giselle Fernandez,3.685309517539438e-38,2.605646746857947e-36,0.0,Safe
2,6,Master P,0.5910468139525266,0.10157881936270853,0.0,Safe
2,6,Drew Lachey,0.08910413217918906,0.055484280856595,30.0,Safe
2,6,Kenny Mayne,0.024553370500981372,0.034125987724762136,0.0,Safe
2,6,Tatum O'Neal,0.25182554599138635,0.10740984134752493,0.0,Safe
2,6,Tia Carrere,1.2551543628643373e-55,8.874394041630333e-54,0.0,Safe
2,6,George Hamilton,2.2728626038418708e-54,1.606995836189319e-52,23.0,Eliminated
2,6,Lisa Rinna,7.757592773417145e-123,5.484897883691896e-121,27.0,Safe
2,6,Stacy Keibler,8.607193512789057e-79,6.0855962489539804e-77,30.0,Safe
2,6,Jerry Rice,0.04365934114674136,0.052544951937990296,23.0,Safe
2,6,Giselle Fernandez,5.1442651016576e-33,3.6371809649401074e-31,0.0,Safe
2,6,Master P,0.5905140942031322,0.1214383505163184,0.0,Safe
2,6,Drew Lachey,0.08953658624659061,0.06820976862612713,30.0,Safe
2,6,Kenny Mayne,0.02446443241214956,0.03934854409783588,0.0,Safe
2,6,Tatum O'Neal,0.2520089027257525,0.12226144007975573,0.0,Safe
2,6,Tia Carrere,2.4529339857534705e-60,1.734312763086822e-58,0.0,Safe
2,6,George Hamilton,3.344921963416996e-34,2.36498046934458e-32,23.0,Eliminated
2,6,Lisa Rinna,2.15341738820698e-66,1.5225437607080603e-64,27.0,Safe
2,6,Stacy Keibler,1.0772085344282804e-123,7.616252854914166e-122,30.0,Safe
2,6,Jerry Rice,0.04338957113153379,0.05956793818310975,23.0,Safe
2,6,Giselle Fernandez,2.1772741684605293e-213,0.0,0.0,Safe
2,6,Master P,0.590486253318812,0.13869252574402796,0.0,Safe
2,6,Drew Lachey,0.08918597885620283,0.07805861360877431,30.0,Safe
2,6,Kenny Mayne,0.024929293967699315,0.045163403817791305,0.0,Safe
2,7,Tatum O'Neal,0.2528701877800832,0.1357421751866942,0.0,Safe
2,7,Tia Carrere,3.0840470363733903e-07,1.773866965413127e-05,0.0,Safe
2,7,George Hamilton,4.7953862959018614e-17,3.3905110662685212e-15,0.0,Safe
2,7,Lisa Rinna,2.143894291961721e-14,1.5158105881935218e-12,26.5,Eliminated
2,7,Stacy Keibler,5.624991920379382e-55,3.9770721641370994e-53,27.5,Safe
2,7,Jerry Rice,0.04401593493546234,0.06597690877307004,20.5,Safe
2,7,Giselle Fernandez,1.7516367158252077e-246,0.0,0.0,Safe
2,7,Master P,0.5894378248367363,0.15388830675498263,0.0,Safe
2,7,Drew Lachey,0.0886378028021863,0.08637497035152855,27.5,Safe
2,7,Kenny Mayne,0.025037941240806345,0.050060427625007904,0.0,Safe
2,7,Tatum O'Neal,0.25186032842023226,0.14781397195090548,0.0,Safe
2,7,Tia Carrere,1.0188542100983263e-09,7.203666735264565e-08,0.0,Safe
2,7,George Hamilton,7.40785642965928e-30,5.237621674723421e-28,0.0,Safe
2,7,Lisa Rinna,1.0674350636461929e-08,7.547150891489985e-07,26.5,Eliminated
2,7,Stacy Keibler,1.3512830787546874e-102,9.55405873369294e-101,27.5,Safe
2,7,Jerry Rice,0.04422780644696372,0.07143772849043756,20.5,Safe
2,7,Giselle Fernandez,4.951262422861522e-47,3.500721110008925e-45,0.0,Safe
2,7,Master P,0.5907687164818479,0.16685239062357735,0.0,Safe
2,7,Drew Lachey,0.08789449322451448,0.09331798853608242,27.5,Safe
2,7,Kenny Mayne,0.02524864373323628,0.05462480806634868,0.0,Safe
2,7,Tatum O'Neal,0.2526211893989625,0.15875277978531796,0.0,Safe
2,7,Tia Carrere,3.4739257328161083e-10,2.456190787084787e-08,0.0,Safe
2,7,George Hamilton,6.403507204069833e-67,4.527510548395285e-65,0.0,Safe
2,7,Lisa Rinna,1.636226343232784e-13,1.1568710383962649e-11,26.5,Eliminated
2,7,Stacy Keibler,3.598598797526239e-92,2.5443391404153276e-90,27.5,Safe
2,7,Jerry Rice,0.0444950956433207,0.07677979891327685,20.5,Safe
2,7,Giselle Fernandez,1.8283972728501072e-20,1.2927428166592478e-18,0.0,Safe
2,7,Master P,0.588780028410057,0.17897283929854413,0.0,Safe
2,7,Drew Lachey,0.08855473489426174,0.10145995402136115,27.5,Safe
2,7,Kenny Mayne,0.025548951305840853,0.05855531635062254,0.0,Safe
2,7,Tatum O'Neal,0.25200470977453515,0.1680803259922769,0.0,Safe
2,7,Tia Carrere,3.407754019235253e-32,2.4094049989699722e-30,0.0,Safe
2,7,George Hamilton,5.652788487632073e-92,3.9967253397224965e-90,0.0,Safe
2,7,Lisa Rinna,0.0,0.0,26.5,Eliminated
2,7,Stacy Keibler,8.228422744358842e-119,5.817791654559174e-117,27.5,Safe
2,7,Jerry Rice,0.045022246558226536,0.08235382269662866,20.5,Safe
2,7,Giselle Fernandez,1.0444878315740966e-182,0.0,0.0,Safe
2,7,Master P,0.5881883786811876,0.18985685122182788,0.0,Safe
2,7,Drew Lachey,0.08871504187704914,0.10773454379378067,27.5,Safe
2,7,Kenny Mayne,0.02606962310900123,0.06344367111060019,0.0,Safe
2,8,Tatum O'Neal,0.25178927718253424,0.17828284515439566,0.0,Safe
2,8,Tia Carrere,1.1585562140532652e-79,8.191410289508087e-78,0.0,Safe
2,8,George Hamilton,9.322344475615478e-22,6.591233773001668e-20,0.0,Safe
2,8,Lisa Rinna,4.0165135221649935e-56,2.8398199222575586e-54,0.0,Safe
2,8,Stacy Keibler,3.239509081373876e-09,2.2904497598162994e-07,28.6665,Safe
2,8,Jerry Rice,0.04509231844781906,0.08621734103571178,26.666600000000003,Safe
2,8,Giselle Fernandez,2.174858068559763e-118,1.537703095017943e-116,0.0,Safe
2,8,Master P,0.5878639145454986,0.2008303729465838,0.0,Safe
2,8,Drew Lachey,0.0891962552497803,0.11518094993577856,28.9998,Safe
2,8,Kenny Mayne,0.02605823133485808,0.06671798620027415,0.0,Safe
2,8,Tatum O'Neal,0.25129762905530656,0.18558655816823122,0.0,Safe
2,8,Tia Carrere,4.838214795976008e-144,3.420792360515989e-142,0.0,Safe
2,8,George Hamilton,5.248791498503474e-154,3.711084897460778e-152,0.0,Safe
2,8,Lisa Rinna,2.3147229686469904e-138,1.6365926238831767e-136,0.0,Safe
2,8,Stacy Keibler,2.808863393641844e-17,1.9859513425579722e-15,28.6665,Safe
2,8,Jerry Rice,0.04500068501062774,0.09072724683795173,26.666600000000003,Safe
2,8,Giselle Fernandez,1.48379008294349e-17,1.0490931044572523e-15,0.0,Safe
2,8,Master P,0.5878343833980693,0.21052126326574538,0.0,Safe
2,8,Drew Lachey,0.08958678797056183,0.12128809560641957,28.9998,Safe
2,8,Kenny Mayne,0.026280514565434343,0.07098491085631904,0.0,Safe
2,8,Tatum O'Neal,0.25058752294080844,0.19351685184029374,0.0,Safe
2,8,Tia Carrere,7.617355484375706e-32,5.38574506240463e-30,0.0,Safe
2,8,George Hamilton,2.849228995942188e-286,0.0,0.0,Safe
2,8,Lisa Rinna,9.375962089583752e-64,6.629143359902988e-62,0.0,Safe
2,8,Stacy Keibler,3.867285973761858e-107,2.734310664746416e-105,28.6665,Safe
2,8,Jerry Rice,0.04529354461082973,0.0941147826306629,26.666600000000003,Safe
2,8,Giselle Fernandez,0.0,0.0,0.0,Safe
2,8,Master P,0.5884262056377613,0.2195205270133402,0.0,Safe
2,8,Drew Lachey,0.08957948006014675,0.12672080036417324,28.9998,Safe
2,8,Kenny Mayne,0.02611324675045375,0.07377744481050968,0.0,Safe
2,8,Tatum O'Neal,0.2491657768626621,0.2007341850393361,0.0,Safe
2,8,Tia Carrere,4.9098209387047433e-45,3.4714059700462337e-43,0.0,Safe
2,8,George Hamilton,3.1647505565330377e-26,2.2375927864403525e-24,0.0,Safe
2,8,Lisa Rinna,5.293689661626309e-21,3.742829518129634e-19,0.0,Safe
2,8,Stacy Keibler,4.04869535838798e-309,0.0,28.6665,Safe
2,8,Jerry Rice,0.0454509840884582,0.09716432204677691,26.666600000000003,Safe
2,8,Giselle Fernandez,3.4952740235609044e-98,2.4712847986100468e-96,0.0,Safe
2,8,Master P,0.5902136884181916,0.2278771743921169,0.0,Safe
2,8,Drew Lachey,0.089179870943627,0.1314711510471755,28.9998,Safe
2,8,Kenny Mayne,0.025989679687061885,0.07620435760596185,0.0,Safe
